submission_id,submission_url,image_url,author_name,author_id,subreddits_found
97i6mn,https://reddit.com//r/Workspaces/comments/97i6mn/home_officegaming_setup_still_a_lot_of_cabling/,https://i.imgur.com/NTns4OH.jpg,https://reddit.com/u/filiped,428ww,"rails,PHP,Python,learnprogramming,compsci,javascript,reactjs"
b2ixh4,https://reddit.com//r/battlestations/comments/b2ixh4/finally_a_space_id_be_happy_to_share/,https://i.redd.it/3klemrfjtvm21.jpg,https://reddit.com/u/trashlordcommander,21fn9uox,Python
god2vo,https://reddit.com//r/battlestations/comments/god2vo/finally_getting_close_to_what_i_want/,https://i.redd.it/kzl35chn19051.jpg,https://reddit.com/u/leobeosab,mqxt4,"hacking,Python,godot,AskProgramming,learnprogramming,golang,rust,ProgrammerHumor,playmygame,gamedevscreens,javascript"
64fumg,https://reddit.com//r/workstations/comments/64fumg/triple_25_workstation_setup_dba_radiology_lead/,https://i.imgur.com/FgsDx4g.jpg,https://reddit.com/u/AXISMGT,d1q38,"SQLServer,SQL"
fnwexz,https://reddit.com//r/workstations/comments/fnwexz/finally_got_my_work_station_going_everybodys_got/,https://i.redd.it/ic8yr24yxio41.jpg,https://reddit.com/u/entryleveldeveloper1,5zskrcvd,"javascript,googlecloud,learnprogramming"
gq667c,https://reddit.com//r/battlestations/comments/gq667c/had_to_bring_some_mini_itx_to_my_setup/,https://i.redd.it/k34b4579zu051.jpg,https://reddit.com/u/ZypherXX,yc30n,"iOSProgramming,swift,hacking,ProgrammerHumor,learnpython"
gnh5u4,https://reddit.com//r/battlestations/comments/gnh5u4/my_temporary_wfh_battle_station/,https://i.redd.it/nwgir0c7tyz41.jpg,https://reddit.com/u/CuriosityCollector,6c2078b,"learnpython,Python"
gjawse,https://reddit.com//r/battlestations/comments/gjawse/finally_got_my_wfh_setup_ironed_out_just_as_i/,https://i.redd.it/545cxea7emy41.jpg,https://reddit.com/u/Historical_Antelope6,28w2dx74,"java,AskProgramming,ProgrammingPals,learnprogramming"
89kbqw,https://reddit.com//r/battlestations/comments/89kbqw/long_time_lurker_first_time_poster_battlestation/,https://i.imgur.com/WRIaJ2A.jpg,https://reddit.com/u/StarfoxNA,hfnl5,pokemongodev
9s2jus,https://reddit.com//r/battlestations/comments/9s2jus/the_first_snow_just_fell_where_i_live/,https://i.redd.it/0c763uwyxwu11.png,https://reddit.com/u/OliverBrodersen,bs476,javascript
gj2imp,https://reddit.com//r/battlestations/comments/gj2imp/my_first_ever_pc_build_i_had_the_two_extra/,https://i.redd.it/46rs1w3a8ky41.jpg,https://reddit.com/u/SirTrolz,1zpy4k8v,ProgrammerHumor
gbplxz,https://reddit.com//r/Workspaces/comments/gbplxz/taking_a_break_from_writing_a_report_to_learn/,https://i.redd.it/ak6l2qzrp7w41.jpg,https://reddit.com/u/thegilb,a2bwcdf,PHPhelp
gpei73,https://reddit.com//r/battlestations/comments/gpei73/my_covid_project/,https://i.redd.it/w988vfa8hl051.jpg,https://reddit.com/u/prometheusengineer,q4er4d6,EnigmaProject
gll3dg,https://reddit.com//r/battlestations/comments/gll3dg/just_cleaned_up_my_pc_setup/,https://i.redd.it/tgp81yqkhdz41.jpg,https://reddit.com/u/iluvcars3man,1vh5jhqq,hacking
gp54dt,https://reddit.com//r/battlestations/comments/gp54dt/my_wfh_and_relaxing_station_what_could_be/,https://i.imgur.com/B1W56SQ.jpg,https://reddit.com/u/eliviking,11ijx2,swift
cfhx16,https://reddit.com//r/battlestations/comments/cfhx16/battlestation_with_a_view/,https://i.redd.it/kbhta2o61eb31.jpg,https://reddit.com/u/mashlol,7c8r7,"javascript,ProgrammerHumor"
glkrmx,https://reddit.com//r/battlestations/comments/glkrmx/finally_finished_my_new_game_stream_recording/,https://i.redd.it/wp28cw0dedz41.jpg,https://reddit.com/u/iwifia,au4xn,"powershelldsc,Python,chocolatey,learnprogramming,PowerShell,usefulscripts"
gqj4ug,https://reddit.com//r/battlestations/comments/gqj4ug/just_received_my_aw3420dw_and_i_absolutely_love_it/,https://i.redd.it/9ru2fiza5z051.jpg,https://reddit.com/u/Zertyfield,tqfcq,ProgrammerHumor
cvyys1,https://reddit.com//r/Workspaces/comments/cvyys1/sorry_about_the_cables/,https://i.redd.it/t7p6o4rsxwi31.jpg,https://reddit.com/u/ignaces,a44im,softwaredevelopment
8mphv3,https://reddit.com//r/battlestations/comments/8mphv3/his_and_hers_battle_grounds_coop_mode_ofcourse/,https://i.redd.it/pwruq41t4l011.jpg,https://reddit.com/u/ransac-boy,141bvo,ProgrammerHumor
flvwok,https://reddit.com//r/Workspaces/comments/flvwok/spring_clean_ahead_of_the_big_covid19_wfh/,https://i.redd.it/bci5ptwa8un41.jpg,https://reddit.com/u/DanGrumberg,4pza107q,"C_Programming,cpp"
e9msfy,https://reddit.com//r/Workspaces/comments/e9msfy/its_not_my_end_game_but_it_gets_the_job_done/,https://i.imgur.com/sPSSdb4.jpg,https://reddit.com/u/calvers70,b7kbx,"ProgrammerHumor,agile,Frontend,javascript,reactjs,projectmanagement"
gnlaum,https://reddit.com//r/battlestations/comments/gnlaum/another_color_scheme_of_my_battleship/,https://i.redd.it/3b2efqze50051.jpg,https://reddit.com/u/siddude11,5qepy,hacking
7y1byy,https://reddit.com//r/battlestations/comments/7y1byy/can_i_join_your_ranks/,https://i.imgur.com/WFXtOln.jpg,https://reddit.com/u/Daxiongmao87,66u8b,"badcode,ProgrammerHumor,vive_vr,androiddev,softwaredevelopment,javascript"
fz7q9o,https://reddit.com//r/workstations/comments/fz7q9o/my_happy_place/,https://i.redd.it/gztzlnmsk7s41.jpg,https://reddit.com/u/Pixelrevival,gnnpv,ProgrammerHumor
fpoahz,https://reddit.com//r/Workspaces/comments/fpoahz/brought_my_4k_monitor_from_office_and_converted/,https://i.redd.it/xvw8606ae4p41.jpg,https://reddit.com/u/viccarre,hv1of,"androiddev,iOSProgramming"
goj0cf,https://reddit.com//r/battlestations/comments/goj0cf/trying_to_convert_my_man_cave_into_more_of_a/,https://i.redd.it/abpt14x3fb051.jpg,https://reddit.com/u/KinkySalam,1xbztyw0,"ProgrammerHumor,learnprogramming"
fefhru,https://reddit.com//r/workstations/comments/fefhru/work_in_progress_but_i_already_like_it/,https://i.redd.it/c3c0pgeyr2l41.jpg,https://reddit.com/u/istuk1,1j8smt9j,ProgrammerHumor
ekkaau,https://reddit.com//r/battlestations/comments/ekkaau/clean_and_cozy/,https://i.redd.it/akoetzhvf1941.jpg,https://reddit.com/u/rikosteo,u6o88,"learnjavascript,PHPhelp"
fros7c,https://reddit.com//r/Workspaces/comments/fros7c/help_in_the_process_of_getting_a_perfect_work/,https://i.redd.it/r1n1vftyhsp41.jpg,https://reddit.com/u/Xerxes249,irysx,"iOSProgramming,ProgrammerHumor,learnprogramming,swift,fsharp,programminghorror"
dpt1z2,https://reddit.com//r/Workspaces/comments/dpt1z2/wfh_setup_removed_the_handle_and_installed_a/,https://i.redd.it/ccg8494inxv31.png,https://reddit.com/u/unsecurewifi,5l4q4,flask
fgfi37,https://reddit.com//r/battlestations/comments/fgfi37/new_apartment_new_station_just_need_some_leds/,https://i.redd.it/nijpj9dc5vl41.jpg,https://reddit.com/u/mirad0,9ubnb,ProgrammerHumor
b1z1tg,https://reddit.com//r/Workspaces/comments/b1z1tg/work_and_play_station/,https://i.redd.it/5zl4ux8hkkm21.jpg,https://reddit.com/u/BBL0101,13919pzv,java
gi13dh,https://reddit.com//r/battlestations/comments/gi13dh/my_cozy_corner_battlestation/,https://i.redd.it/67gmvsfbk8y41.png,https://reddit.com/u/Raetharn,5235sst,ProgrammerHumor
gnkplm,https://reddit.com//r/battlestations/comments/gnkplm/a_breakup_immediately_followed_by_extended_stay/,https://i.imgur.com/xY1S4cs.jpg,https://reddit.com/u/champaignthrowaway,bkyx3,ProgrammerHumor
c8ay3b,https://reddit.com//r/Workspaces/comments/c8ay3b/convertible_corner_home_office_setup/,https://i.redd.it/0k4kqwmrrw731.jpg,https://reddit.com/u/Haimeh,wwtga,"javascript,ProgrammerHumor,PowerShell"
avf6bv,https://reddit.com//r/battlestations/comments/avf6bv/gaming_room_wip/,https://i.redd.it/o60wa0bmy4j21.png,https://reddit.com/u/Shnoo,iwivs,"ProgrammerHumor,programminghorror"
7gdjm6,https://reddit.com//r/battlestations/comments/7gdjm6/i_work_from_home_so_i_wanted_to_make_fill_it_with/,https://i.redd.it/c5feshpbax001.jpg,https://reddit.com/u/ifred,8e3ah,pokemongodev
f4g2y7,https://reddit.com//r/workstations/comments/f4g2y7/miami_themed_his_and_hers/,https://i.redd.it/z6ttk91jo5h41.jpg,https://reddit.com/u/benkaiser,hdq50,"orlybooks,ProgrammerHumor,reactjs"
gju93r,https://reddit.com//r/battlestations/comments/gju93r/on_its_way_to_being_complete/,https://i.redd.it/hb63aerrhsy41.jpg,https://reddit.com/u/JDHgunner265,ldf4l,compsci
gl0yjr,https://reddit.com//r/battlestations/comments/gl0yjr/finally_made_the_jump_to_pc_heres_my_first_setup/,https://i.redd.it/t94lvj5r9ny21.jpg,https://reddit.com/u/so_u_sa,6hfqqzdn,"hacking,ProgrammerHumor"
7wzzhl,https://reddit.com//r/Workspaces/comments/7wzzhl/my_trading_streaming_workspace/,https://i.redd.it/y6ys0lubjrf01.jpg,https://reddit.com/u/ROFLM0NSTER,amqnv,learnpython
dq0gqg,https://reddit.com//r/Workspaces/comments/dq0gqg/my_wfh_space_tiny_room_but_it_works_for_now/,https://i.imgur.com/7CvwZEe.jpg,https://reddit.com/u/WARMACHINEROXX-,4uwgamts,CodingHelp
gggrsg,https://reddit.com//r/battlestations/comments/gggrsg/my_lack_of_space_doesnt_stop_me/,https://i.imgur.com/O0Ebpj7.jpg,https://reddit.com/u/DroidT,bvrxn,swift
fzr3q1,https://reddit.com//r/workstations/comments/fzr3q1/what_do_you_think/,https://i.redd.it/p9g12mdqsbs41.png,https://reddit.com/u/mburn14,71k3y,scrum
ce89gb,https://reddit.com//r/Workspaces/comments/ce89gb/getting_to_a_spot_where_i_can_modify_my_work/,https://i.redd.it/28dloezwosa31.jpg,https://reddit.com/u/champagneinmexico2,3u2g6d8w,projectmanagement
ffoe37,https://reddit.com//r/Workspaces/comments/ffoe37/wfh_development_workspace/,https://i.redd.it/hvpsa464fkl41.jpg,https://reddit.com/u/mahl-py,4bh07dp4,learnpython
gppsda,https://reddit.com//r/battlestations/comments/gppsda/moved_it_again_to_a_nicer_spot_i_have_much_more/,https://i.redd.it/3k2ppoy1up051.jpg,https://reddit.com/u/unresponsiblerespons,2rcirzvh,"hacking,Python"
bshzym,https://reddit.com//r/Workspaces/comments/bshzym/dual_4k60hz_power_on_one_cable/,https://i.redd.it/xhddd1qbc6031.jpg,https://reddit.com/u/ImmutableObject,60ltd,learnprogramming
ec2skj,https://reddit.com//r/workstations/comments/ec2skj/i_love_working_from_home/,https://i.redd.it/4xonlplon9541.jpg,https://reddit.com/u/brianjc87,m3ysk,"reactjs,typescript"
giy30c,https://reddit.com//r/battlestations/comments/giy30c/my_setup_updated/,https://i.redd.it/p7j87qza0jy41.jpg,https://reddit.com/u/JuuzoT,3i5pvqbs,rust
gh4i3c,https://reddit.com//r/battlestations/comments/gh4i3c/something_old_and_something_new/,https://i.redd.it/41roy8yvryx41.jpg,https://reddit.com/u/_Neuromancer_,gk42e,matlab
bvn066,https://reddit.com//r/Workspaces/comments/bvn066/it_aint_much_but_it_is_for_honnest_work_desktop/,https://i.redd.it/3y854imu0s131.jpg,https://reddit.com/u/naebulys,38kgbhjb,ProgrammerHumor
78sq3v,https://reddit.com//r/workstations/comments/78sq3v/my_2017_setup/,https://i.imgur.com/ThW21Zu.jpg,https://reddit.com/u/EliteAgent51,9pjzp,learnprogramming
ggesfj,https://reddit.com//r/battlestations/comments/ggesfj/during_lock_down_i_upgraded_my_home_setup/,https://i.redd.it/a6jh77ftiqx41.jpg,https://reddit.com/u/rokiller,jb3ro,ProgrammerHumor
gov8rt,https://reddit.com//r/battlestations/comments/gov8rt/choo_choo_train_coming_through/,https://i.redd.it/t7pb37sise051.jpg,https://reddit.com/u/AReallyGoodName,4f3h5,"java,learnprogramming,androiddev"
glj5e1,https://reddit.com//r/battlestations/comments/glj5e1/its_not_much_but_im_proud_of_it/,https://i.redd.it/jssamiqmycz41.jpg,https://reddit.com/u/BraveCarcass86,11m0bt,ProgrammerHumor
gkmg5w,https://reddit.com//r/battlestations/comments/gkmg5w/my_very_first_rgb_setup/,https://i.redd.it/eoqjqv1ma1z41.jpg,https://reddit.com/u/Karyonix,20qxmcw7,"ProgrammerHumor,programminghelp,CodingHelp"
e0tcru,https://reddit.com//r/battlestations/comments/e0tcru/new_digs/,https://i.redd.it/n5w6pcn84k041.jpg,https://reddit.com/u/Hedoh,iht56,swift
age7df,https://reddit.com//r/battlestations/comments/age7df/my_updated_battlestation_dont_wanna_live_without/,https://i.redd.it/fnbmpy88yna21.jpg,https://reddit.com/u/oidabiiguad,1bhdip9t,ProgrammerHumor
go5rhg,https://reddit.com//r/battlestations/comments/go5rhg/cable_management_is_next_on_the_list/,https://i.redd.it/jyro6fqbs6051.jpg,https://reddit.com/u/Krysys,8uk3k,"Python,ProgrammerHumor"
gob79b,https://reddit.com//r/battlestations/comments/gob79b/my_battle_station/,https://i.redd.it/rkzbtzy6e8051.jpg,https://reddit.com/u/aberrantCode,bm11o3c,googlecloud
4tni1i,https://reddit.com//r/Workspaces/comments/4tni1i/five_years_and_counting_of_selling_buying_and/,https://i.redd.it/94xjfdl73pe11.jpg,https://reddit.com/u/PatrioTech,zgxcy,"csMajors,ProgrammerHumor"
95cyf1,https://reddit.com//r/Workspaces/comments/95cyf1/new_office_decided_not_to_go_for_the_laptopriser/,https://i.redd.it/94xjfdl73pe11.jpg,https://reddit.com/u/knightwize,t3frc,Python
gpr1f4,https://reddit.com//r/battlestations/comments/gpr1f4/older_stuff_1610_but_i_cleaned_my_desk/,https://i.imgur.com/l4VnDj9.jpg,https://reddit.com/u/rsr232,4r9fbvzm,ProgrammerHumor
gh6s1z,https://reddit.com//r/battlestations/comments/gh6s1z/my_dissertation_station/,https://i.imgur.com/47m1fS5.jpg,https://reddit.com/u/colgateandcake,115a9g0n,"ProgrammerHumor,learnprogramming"
dyrjt1,https://reddit.com//r/battlestations/comments/dyrjt1/messy_work_in_progress_my_devgaming_station/,https://i.redd.it/mja3wqutspz31.png,https://reddit.com/u/a_day_with_dave,3663vnqe,"compsci,ProgrammerHumor,androiddev,learnprogramming"
972san,https://reddit.com//r/Workspaces/comments/972san/i_just_got_the_ok_to_work_from_home_most_of_the/,https://i.redd.it/ddnprvvbrxf11.jpg,https://reddit.com/u/flapjacksessen,tw5nwvg,"hacking,ProgrammerHumor"
95wir1,https://reddit.com//r/battlestations/comments/95wir1/assistant_producer/,https://i.redd.it/xgugtrrtm2f11.jpg,https://reddit.com/u/reggaejames,kvkea,"ProgrammerHumor,learnprogramming"
ccwv51,https://reddit.com//r/Workspaces/comments/ccwv51/my_somewhat_clean_work_desk/,https://i.redd.it/z0em63ga26a31.jpg,https://reddit.com/u/ThisGuy_IsAwesome,2qo7vcnk,"PowerShell,learnpython"
gk14ct,https://reddit.com//r/battlestations/comments/gk14ct/sorted_my_partner_out_with_his_first_ever_pc/,https://i.redd.it/swk2c611guy41.jpg,https://reddit.com/u/89Dan,r880c,"hacking,Rlanguage"
gi3eq6,https://reddit.com//r/battlestations/comments/gi3eq6/went_for_an_edgy_red_asthetic/,https://i.redd.it/ey25hp0v99y41.jpg,https://reddit.com/u/WilliamWrath,r8hto,ProgrammerHumor
gqgg2a,https://reddit.com//r/battlestations/comments/gqgg2a/my_karlby_alex_setup_refinished_surface_with/,https://i.redd.it/z80wpoiefy051.jpg,https://reddit.com/u/DamageInq,3v0rw,"projectmanagement,agile"
gq4a9i,https://reddit.com//r/battlestations/comments/gq4a9i/ikea_dual_screen_with_diy_ice_clock_and_ipad/,https://i.redd.it/eo8rkga68u051.jpg,https://reddit.com/u/Antagonist_,509ub,java
fyklus,https://reddit.com//r/Workspaces/comments/fyklus/crossposting_my_setup/,https://i.redd.it/lthjtd6ur0s41.jpg,https://reddit.com/u/matmcal,567d14r,ProgrammerHumor
6bqgns,https://reddit.com//r/workstations/comments/6bqgns/mac_workstation_for_coding/,https://i.imgur.com/VcVKyk0.jpg,https://reddit.com/u/dncnexus,118ye3,"PowerShell,SQL,ProgrammingBuddies"
gd6q3u,https://reddit.com//r/Workspaces/comments/gd6q3u/its_easy_to_get_distracted_with_these_mini_worlds/,https://i.imgur.com/FcVkHSt.jpg,https://reddit.com/u/thepkmncenter,b4v5z,learnprogramming
a6fcvk,https://reddit.com//r/battlestations/comments/a6fcvk/my_space_for_uni_work_gaming/,https://i.imgur.com/Tr1YG1A.jpg,https://reddit.com/u/gogitossj3,13duzz,"WebDeveloperJobs,ComputerEngineering,learnprogramming"
9r7wd3,https://reddit.com//r/Workspaces/comments/9r7wd3/my_home_office_complete_with_retro_machines/,https://i.redd.it/o2ksuygo3au11.jpg,https://reddit.com/u/BulletDust,ggg63,hacking
gki3j3,https://reddit.com//r/battlestations/comments/gki3j3/hobbycorner/,https://i.redd.it/1j0pn0d100z41.jpg,https://reddit.com/u/Matti_Meikalainen,tqvyy,ProgrammerHumor
bnpte5,https://reddit.com//r/battlestations/comments/bnpte5/my_goal_was_to_make_a_place_i_never_wanted_to/,https://i.redd.it/ei096biunsx21.jpg,https://reddit.com/u/seductive-doge,32gp58u2,"ProgrammerHumor,csMajors,wgu_devs,learnprogramming"
c76mkv,https://reddit.com//r/workstations/comments/c76mkv/korn_ferry_tour_operations_center/,https://i.imgur.com/lTT9z9U.jpg,https://reddit.com/u/utahcon,j562o,"Python,ProgrammerHumor,golang,learnpython"
d5vsdu,https://reddit.com//r/battlestations/comments/d5vsdu/found_rhouseplants_and_decided_it_was_time_for_a/,https://i.redd.it/b2zghfr7ybn31.jpg,https://reddit.com/u/nic1010,h1apk,ProgrammerHumor
76igo1,https://reddit.com//r/battlestations/comments/76igo1/where_work_doesnt_happen/,https://i.imgur.com/K4MG0jP.jpg,https://reddit.com/u/kurtisfartsrainbows,i5w5i,CodingHelp
66ohco,https://reddit.com//r/battlestations/comments/66ohco/refreshed_my_lair_ultrawide_and_cordless/,https://i.imgur.com/8RzabX0.jpg,https://reddit.com/u/mtrx3,71fe3,oculusdev
gikvx1,https://reddit.com//r/battlestations/comments/gikvx1/my_new_standing_desk_couldnt_be_happier/,https://i.redd.it/pc5ktvkrjey41.jpg,https://reddit.com/u/cr4d,4i971,"Python,ProgrammerHumor,golang,compsci,javascript,pycharm"
dd128a,https://reddit.com//r/Workspaces/comments/dd128a/minimal/,https://i.redd.it/p2up5g0iofq31.jpg,https://reddit.com/u/sunstah,75h48,androiddev
fvtaj1,https://reddit.com//r/Workspaces/comments/fvtaj1/building_a_workspace_fun_space_in_my_bedroom/,https://i.redd.it/lnipc2se15r41.jpg,https://reddit.com/u/Impossible_Package,1hn8783l,ECE
dygzcn,https://reddit.com//r/battlestations/comments/dygzcn/a_night_time_shot/,https://i.redd.it/ds0zgc2pdlz31.jpg,https://reddit.com/u/erdrickk,53lcs,vive_vr
9a8a5n,https://reddit.com//r/Workspaces/comments/9a8a5n/office_workstation/,https://imgur.com/gallery/2Vgl6ay,https://reddit.com/u/Alpenhoernchen,wjw5x,"WebdevTutorials,ProgrammerHumor,jquery"
anr3o4,https://reddit.com//r/Workspaces/comments/anr3o4/added_a_2nd_monitor_to_my_workspace/,https://i.redd.it/xf137647iye21.jpg,https://reddit.com/u/austinmrs,arq2s,"javascript,reactjs"
gmcjg4,https://reddit.com//r/battlestations/comments/gmcjg4/quarantine_workplay_from_home_battlestation/,https://i.imgur.com/DlnJ3oS.jpg,https://reddit.com/u/blankmonk,4byidvcy,SoftwareEngineering
gpdqum,https://reddit.com//r/battlestations/comments/gpdqum/i_kinda_wish_quarantine_would_last_forever/,https://i.redd.it/7885iwvz8l051.jpg,https://reddit.com/u/peniletouch,72dsx,java
fb98yn,https://reddit.com//r/Workspaces/comments/fb98yn/rate_my_workstudyspace/,https://i.redd.it/7vnoqk29htj41.jpg,https://reddit.com/u/VapirWhale,4ys336b4,"ProgrammerHumor,programminghorror,AskProgramming"
gh3fp1,https://reddit.com//r/battlestations/comments/gh3fp1/custom_walnut_top_i_made_with_my_uncle_on_a/,https://i.redd.it/fg88eb5cgyx41.jpg,https://reddit.com/u/CopperPanMan,3a9pit69,Python
bzpi9j,https://reddit.com//r/workstations/comments/bzpi9j/trying_to_build_a_budget_ergonomic_workstation_i/,https://i.redd.it/g1yy52m6kw331.jpg,https://reddit.com/u/tresne,1o5jiyhd,"C_Programming,learnpython"
epz1e2,https://reddit.com//r/Workspaces/comments/epz1e2/home_workspace/,https://i.redd.it/i376r3yx58b41.jpg,https://reddit.com/u/lucasmenendez,10b658,"javascript,golang,learnjavascript"
f7cxu0,https://reddit.com//r/battlestations/comments/f7cxu0/monochrome_station/,https://i.redd.it/3leigfmvsai41.jpg,https://reddit.com/u/rossedman,oinuped,golang
fsmbho,https://reddit.com//r/workstations/comments/fsmbho/wfh_for_8_years_this_is_my_workgaming_station_for/,https://i.redd.it/367xjlqsy2q41.jpg,https://reddit.com/u/netcoder,3tfuq,"ProgrammerHumor,javascript,PHP,PHPhelp"
cq0vnk,https://reddit.com//r/battlestations/comments/cq0vnk/v30_the_mountening_latest_iteration_of_my_sit/,https://i.redd.it/urzl4dippag31.jpg,https://reddit.com/u/openist,3hmr8,"PHP,AutoHotkey,ECE,javascript"
