Desk (Standing),House Objects
Desk (Generic),
Chair (Gaming),
Chair (Generic),
Lamp (Desk),
Lamp (Floor),
Fan (Desk),
Fan (Floor),
Decoration (Clock),
Decoration (Watch),
Decoration (Rubric's Cube),
Decoration (Picture),
Decoration (Candle),
Decoration (Miniature),
Decoration (Plant),
Decoration (Generic),
Trash Can,
Storage Drawer,
Footrest,
Musical Instrument (Guitar),
Musical Instrument (Electric Guitar),
Musical Instrument (Keyboard/Piano),
Musical Instrument (Generic),
Mini Fridge,
Acoustic Foam,
Laptop (Linux),Computers & Tablets
Laptop (Windows),
Laptop (OSX),
Laptop (Generic),
Laptop Stand,
Desktop (Linux),
Desktop (OSX),
Desktop (Windows),
Desktop (Generic),
Tablet (iPad),
Tablet (Android),
Tablet (Windows),
Tablet (Generic),
Monitor (iMac),Computer Accessories
Monitor (Landscape),
Monitor (Portrait),
Monitor Arm,
Printer,
Keyboard (Ergonomic),
Keyboard (Gaming),
Keyboard (Generic),
Mouse (Magic Trackpad),
Mouse (Gaming),
Mouse (Ergonomic),
Mouse (Generic),
Mousepad (Gaming),
Mousepad (Generic),
Drawing Pad,
External Numpad,
Stream Deck,
Airpods (Apple),
Airpods (Samsung),
Airpods (Generic),
Earphones (with Microphone),
Earphones,
Headphones (with Microphone),
Headphones,
External Hard Drive,
External Webcam,
External Speakers (Subwoofers),
External Speakers (Generic),
External Microphone (with Boom Arm),
External Microphone (Generic),
External Sound Card (Pre-amplifier),
USB Hub,
Power Strip,
Router,
Back-UPS,
Telephone,Electronics & Other Accessories
Cellphone,
Cellphone Charger (Wireless),
Cellphone Charger (Generic),
"IoT Devices (Raspberry, Arduino, etc)",
Gaming Console,
Gaming Controller,
Scientific Calculator,
Phone Holder,
Mug,Personal Objects
Water Bottle,
Cup,
Drink Coaster,
Book,
Post-it Note,
Notebook,
